id,col_3,col_4,col_5
3101,PROMO-A,014/P-A,P-A-014
3102,PROMO-A,013/P-A,P-A-013
3103,PROMO-A,012/P-A,P-A-012
3104,PROMO-A,011/P-A,P-A-011
3105,PROMO-A,009/P-A,P-A-009
3113,A1,286/228,A1-286
3114,A1,285/227,A1-285
3115,A1,284/227,A1-284
3116,A1,283/226,A1-283
3117,A1,282/226,A1-282
3118,A1,281/226,A1-281
3119,A1,280/226,A1-280
3120,A1,279/226,A1-279
3121,A1,278/226,A1-278
3122,A1,277/226,A1-277
3111,PROMO-A,002/P-A,P-A-002
3110,PROMO-A,003/P-A,P-A-003
3109,PROMO-A,004/P-A,P-A-004
3108,PROMO-A,005/P-A,P-A-005
3107,PROMO-A,006/P-A,P-A-006
3106,PROMO-A,007/P-A,P-A-007
3123,A1,276/226,A1-276
3124,A1,275/226,A1-275
3125,A1,274/226,A1-274
3126,A1,273/226,A1-273
3127,A1,272/226,A1-272
3128,A1,271/226,A1-271
3129,A1,270/226,A1-270
3130,A1,269/226,A1-269
3131,A1,268/226,A1-268
3132,A1,267/226,A1-267
3133,A1,266/226,A1-266
3134,A1,265/226,A1-265
3135,A1,264/226,A1-264
3136,A1,263/226,A1-263
3137,A1,262/226,A1-262
3138,A1,261/226,A1-261
3139,A1,260/226,A1-260
3140,A1,259/226,A1-259
3141,A1,258/226,A1-258
3142,A1,257/226,A1-257
3143,A1,256/226,A1-256
3144,A1,255/226,A1-255
3145,A1,254/226,A1-254
3146,A1,253/226,A1-253
3147,A1,252/226,A1-252
3148,A1,251/226,A1-251
3149,A1,250/226,A1-250
3150,A1,249/226,A1-249
3151,A1,248/226,A1-248
3152,A1,247/226,A1-247
3153,A1,246/226,A1-246
3154,A1,245/226,A1-245
3155,A1,244/226,A1-244
3156,A1,243/226,A1-243
3157,A1,242/226,A1-242
3158,A1,241/226,A1-241
3159,A1,240/226,A1-240
3160,A1,239/226,A1-239
3161,A1,238/226,A1-238
3162,A1,237/226,A1-237
3163,A1,236/226,A1-236
3164,A1,235/226,A1-235
3165,A1,234/226,A1-234
3166,A1,233/226,A1-233
3167,A1,232/226,A1-232
3168,A1,231/226,A1-231
3169,A1,230/226,A1-230
3170,A1,229/226,A1-229
3171,A1,228/226,A1-228
3172,A1,227/226,A1-227
3173,A1,226/226,A1-226
3174,A1,225/226,A1-225
3175,A1,224/226,A1-224
3176,A1,223/226,A1-223
3177,A1,222/226,A1-222
3178,A1,221/226,A1-221
3179,A1,220/226,A1-220
3180,A1,219/226,A1-219
3181,A1,218/226,A1-218
3182,A1,217/226,A1-217
3183,A1,216/226,A1-216
3184,A1,215/226,A1-215
3185,A1,214/226,A1-214
3186,A1,213/226,A1-213
3187,A1,212/226,A1-212
3188,A1,211/226,A1-211
3189,A1,210/226,A1-210
3190,A1,209/226,A1-209
3191,A1,208/226,A1-208
3192,A1,207/226,A1-207
3193,A1,206/226,A1-206
3194,A1,205/226,A1-205
3195,A1,204/226,A1-204
3196,A1,203/226,A1-203
3197,A1,202/226,A1-202
3198,A1,201/226,A1-201
3199,A1,200/226,A1-200
3200,A1,199/226,A1-199
3201,A1,198/226,A1-198
3202,A1,197/226,A1-197
3203,A1,196/226,A1-196
3204,A1,195/226,A1-195
3205,A1,194/226,A1-194
3206,A1,193/226,A1-193
3207,A1,192/226,A1-192
3208,A1,191/226,A1-191
3209,A1,190/226,A1-190
3210,A1,189/226,A1-189
3211,A1,188/226,A1-188
3212,A1,187/226,A1-187
3213,A1,186/226,A1-186
3214,A1,185/226,A1-185
3215,A1,184/226,A1-184
3216,A1,183/226,A1-183
3217,A1,182/226,A1-182
3218,A1,181/226,A1-181
3219,A1,180/226,A1-180
3220,A1,179/226,A1-179
3221,A1,178/226,A1-178
3222,A1,177/226,A1-177
3223,A1,176/226,A1-176
3224,A1,175/226,A1-175
3225,A1,174/226,A1-174
3226,A1,173/226,A1-173
3227,A1,172/226,A1-172
3228,A1,171/226,A1-171
3229,A1,170/226,A1-170
3230,A1,169/226,A1-169
3231,A1,168/226,A1-168
3232,A1,167/226,A1-167
3233,A1,166/226,A1-166
3234,A1,165/226,A1-165
3235,A1,164/226,A1-164
3236,A1,163/226,A1-163
3237,A1,162/226,A1-162
3238,A1,161/226,A1-161
3239,A1,160/226,A1-160
3240,A1,159/226,A1-159
3241,A1,158/226,A1-158
3242,A1,157/226,A1-157
3243,A1,156/226,A1-156
3244,A1,155/226,A1-155
3245,A1,154/226,A1-154
3246,A1,153/226,A1-153
3247,A1,152/226,A1-152
3248,A1,151/226,A1-151
3249,A1,150/226,A1-150
3250,A1,149/226,A1-149
3251,A1,148/226,A1-148
3252,A1,147/226,A1-147
3253,A1,146/226,A1-146
3254,A1,145/226,A1-145
3255,A1,144/226,A1-144
3256,A1,143/226,A1-143
3257,A1,142/226,A1-142
3258,A1,141/226,A1-141
3259,A1,140/226,A1-140
3260,A1,139/226,A1-139
3261,A1,138/226,A1-138
3262,A1,137/226,A1-137
3263,A1,136/226,A1-136
3264,A1,135/226,A1-135
3265,A1,134/226,A1-134
3266,A1,133/226,A1-133
3267,A1,132/226,A1-132
3268,A1,131/226,A1-131
3269,A1,130/226,A1-130
3270,A1,129/226,A1-129
3271,A1,128/226,A1-128
3272,A1,127/226,A1-127
3273,A1,126/226,A1-126
3274,A1,125/226,A1-125
3275,A1,124/226,A1-124
3276,A1,123/226,A1-123
3277,A1,122/226,A1-122
3278,A1,121/226,A1-121
3279,A1,120/226,A1-120
3280,A1,119/226,A1-119
3281,A1,118/226,A1-118
3282,A1,117/226,A1-117
3283,A1,116/226,A1-116
3284,A1,115/226,A1-115
3285,A1,114/226,A1-114
3286,A1,113/226,A1-113
3287,A1,112/226,A1-112
3288,A1,111/226,A1-111
3289,A1,110/226,A1-110
3290,A1,109/226,A1-109
3291,A1,108/226,A1-108
3292,A1,107/226,A1-107
3293,A1,106/226,A1-106
3294,A1,105/226,A1-105
3295,A1,104/226,A1-104
3296,A1,103/226,A1-103
3297,A1,102/226,A1-102
3298,A1,101/226,A1-101
3299,A1,100/226,A1-100
3300,A1,099/226,A1-099
3301,A1,098/226,A1-098
3302,A1,097/226,A1-097
3303,A1,096/226,A1-096
3304,A1,095/226,A1-095
3305,A1,094/226,A1-094
3306,A1,093/226,A1-093
3307,A1,092/226,A1-092
3308,A1,091/226,A1-091
3309,A1,090/226,A1-090
3310,A1,089/226,A1-089
3311,A1,088/226,A1-088
3312,A1,087/226,A1-087
3313,A1,086/226,A1-086
3314,A1,085/226,A1-085
3315,A1,084/226,A1-084
3316,A1,083/226,A1-083
3317,A1,082/226,A1-082
3318,A1,081/226,A1-081
3319,A1,080/226,A1-080
3320,A1,079/226,A1-079
3321,A1,078/226,A1-078
3322,A1,077/226,A1-077
3323,A1,076/226,A1-076
3324,A1,075/226,A1-075
3325,A1,074/226,A1-074
3326,A1,073/226,A1-073
3327,A1,072/226,A1-072
3328,A1,071/226,A1-071
3329,A1,070/226,A1-070
3330,A1,069/226,A1-069
3331,A1,068/226,A1-068
3332,A1,067/226,A1-067
3333,A1,066/226,A1-066
3334,A1,065/226,A1-065
3335,A1,064/226,A1-064
3336,A1,063/226,A1-063
3337,A1,062/226,A1-062
3338,A1,061/226,A1-061
3339,A1,060/226,A1-060
3340,A1,059/226,A1-059
3341,A1,058/226,A1-058
3342,A1,057/226,A1-057
3343,A1,056/226,A1-056
3344,A1,055/226,A1-055
3345,A1,054/226,A1-054
3346,A1,053/226,A1-053
3347,A1,052/226,A1-052
3348,A1,051/226,A1-051
3349,A1,050/226,A1-050
3350,A1,049/226,A1-049
3351,A1,048/226,A1-048
3352,A1,047/226,A1-047
3353,A1,046/226,A1-046
3354,A1,045/226,A1-045
3355,A1,044/226,A1-044
3356,A1,043/226,A1-043
3357,A1,042/226,A1-042
3358,A1,041/226,A1-041
3359,A1,040/226,A1-040
3360,A1,039/226,A1-039
3361,A1,038/226,A1-038
3362,A1,037/226,A1-037
3363,A1,036/226,A1-036
3364,A1,035/226,A1-035
3365,A1,034/226,A1-034
3366,A1,033/226,A1-033
3367,A1,032/226,A1-032
3368,A1,031/226,A1-031
3369,A1,030/226,A1-030
3370,A1,029/226,A1-029
3371,A1,028/226,A1-028
3372,A1,027/226,A1-027
3373,A1,026/226,A1-026
3374,A1,025/226,A1-025
3375,A1,024/226,A1-024
3376,A1,023/226,A1-023
3377,A1,022/226,A1-022
3378,A1,021/226,A1-021
3379,A1,020/226,A1-020
3380,A1,019/226,A1-019
3381,A1,018/226,A1-018
3382,A1,017/226,A1-017
3383,A1,016/226,A1-016
3384,A1,015/226,A1-015
3385,A1,014/226,A1-014
3386,A1,013/226,A1-013
3387,A1,012/226,A1-012
3388,A1,011/226,A1-011
3389,A1,010/226,A1-010
3390,A1,009/226,A1-009
3391,A1,008/226,A1-008
3392,A1,007/226,A1-007
3393,A1,006/226,A1-006
3394,A1,005/226,A1-005
3395,A1,004/226,A1-004
3396,A1,003/226,A1-003
3397,A1,002/226,A1-002
3398,A1,001/226,A1-001
3399,PROMO-A,017/P-A,P-A-017
3400,PROMO-A,016/P-A,P-A-016
3401,PROMO-A,015/P-A,P-A-015
3402,PROMO-A,018/P-A,P-A-018
3403,PROMO-A,019/P-A,P-A-019
3404,PROMO-A,020/P-A,P-A-020
3405,PROMO-A,021/P-A,P-A-021
3406,PROMO-A,022/P-A,P-A-022
3407,PROMO-A,010/P-A,P-A-010
3408,PROMO-A,023/226,P-A-023
3409,PROMO-A,097/226,P-A-097
3410,A1a,086/068,A1a-086
3411,A1a,085/068,A1a-085
3412,A1a,084/068,A1a-084
3413,A1a,083/068,A1a-083
3414,A1a,082/068,A1a-082
3415,A1a,081/068,A1a-081
3416,A1a,080/068,A1a-080
3417,A1a,079/068,A1a-079
3418,A1a,078/068,A1a-078
3419,A1a,077/068,A1a-077
3420,A1a,076/068,A1a-076
3421,A1a,075/068,A1a-075
3422,A1a,074/068,A1a-074
3423,A1a,073/068,A1a-073
3424,A1a,072/068,A1a-072
3425,A1a,071/068,A1a-071
3426,A1a,070/068,A1a-070
3427,A1a,069/068,A1a-069
3428,A1a,068/068,A1a-068
3429,A1a,067/068,A1a-067
3430,A1a,066/068,A1a-066
3431,A1a,065/068,A1a-065
3432,A1a,064/068,A1a-064
3433,A1a,063/068,A1a-063
3434,A1a,062/068,A1a-062
3435,A1a,061/068,A1a-061
3436,A1a,060/068,A1a-060
3437,A1a,059/068,A1a-059
3438,A1a,058/068,A1a-058
3439,A1a,057/068,A1a-057
3440,A1a,056/068,A1a-056
3441,A1a,055/068,A1a-055
3442,A1a,054/068,A1a-054
3443,A1a,053/068,A1a-053
3444,A1a,052/068,A1a-052
3445,A1a,051/068,A1a-051
3446,A1a,050/068,A1a-050
3447,A1a,049/068,A1a-049
3448,A1a,048/068,A1a-048
3449,A1a,047/068,A1a-047
3450,A1a,046/068,A1a-046
3451,A1a,045/068,A1a-045
3452,A1a,044/068,A1a-044
3453,A1a,043/068,A1a-043
3454,A1a,042/068,A1a-042
3455,A1a,041/068,A1a-041
3456,A1a,040/068,A1a-040
3457,A1a,039/068,A1a-039
3458,A1a,038/068,A1a-038
3459,A1a,037/068,A1a-037
3460,A1a,036/068,A1a-036
3461,A1a,035/068,A1a-035
3462,A1a,034/068,A1a-034
3463,A1a,033/068,A1a-033
3464,A1a,032/068,A1a-032
3465,A1a,031/068,A1a-031
3466,A1a,030/069,A1a-030
3467,A1a,029/069,A1a-029
3468,A1a,028/069,A1a-028
3469,A1a,027/069,A1a-027
3470,A1a,026/069,A1a-026
3471,A1a,025/069,A1a-025
3472,A1a,024/069,A1a-024
3473,A1a,023/069,A1a-023
3474,A1a,022/068,A1a-022
3475,A1a,021/068,A1a-021
3476,A1a,020/068,A1a-020
3477,A1a,019/068,A1a-019
3478,A1a,018/068,A1a-018
3479,A1a,017/068,A1a-017
3480,A1a,016/068,A1a-016
3481,A1a,015/068,A1a-015
3482,A1a,014/068,A1a-014
3483,A1a,013/068,A1a-013
3484,A1a,012/068,A1a-012
3485,A1a,011/068,A1a-011
3486,A1a,010/068,A1a-010
3487,A1a,009/068,A1a-009
3488,A1a,008/068,A1a-008
3489,A1a,007/068,A1a-007
3490,A1a,006/068,A1a-006
3491,A1a,005/068,A1a-005
3492,A1a,004/068,A1a-004
3493,A1a,003/068,A1a-003
3494,A1a,002/068,A1a-002
3495,A1a,001/068,A1a-001
3496,PROMO-A,025/P-A,P-A-025
3497,PROMO-A,026/P-A,P-A-026
3498,PROMO-A,027/P-A,P-A-027
3499,PROMO-A,028/P-A,P-A-028
3500,PROMO-A,029/P-A,P-A-029
3501,PROMO-A,030/P-A,P-A-030
3502,PROMO-A,031/P-A,P-A-031
3503,PROMO-A,032/P-A,P-A-032
3504,PROMO-A,033/P-A,P-A-033
3505,PROMO-A,008/P-A,P-A-008
3506,A2,207/155,A2-207
3507,A2,206/155,A2-206
3508,A2,205/155,A2-205
3509,A2,204/155,A2-204
3510,A2,203/155,A2-203
3511,A2,202/155,A2-202
3512,A2,201/155,A2-201
3513,A2,200/155,A2-200
3514,A2,199/155,A2-199
3515,A2,198/155,A2-198
3516,A2,197/155,A2-197
3517,A2,196/155,A2-196
3518,A2,195/155,A2-195
3519,A2,194/155,A2-194
3520,A2,193/155,A2-193
3521,A2,192/155,A2-192
3522,A2,191/155,A2-191
3523,A2,190/155,A2-190
3524,A2,189/155,A2-189
3525,A2,188/155,A2-188
3526,A2,187/155,A2-187
3527,A2,186/155,A2-186
3528,A2,185/155,A2-185
3529,A2,184/155,A2-184
3530,A2,183/155,A2-183
3531,A2,182/155,A2-182
3532,A2,181/155,A2-181
3533,A2,180/155,A2-180
3534,A2,179/155,A2-179
3535,A2,178/155,A2-178
3536,A2,177/155,A2-177
3537,A2,176/155,A2-176
3538,A2,175/155,A2-175
3539,A2,174/155,A2-174
3540,A2,173/155,A2-173
3541,A2,172/155,A2-172
3542,A2,171/155,A2-171
3543,A2,170/155,A2-170
3544,A2,169/155,A2-169
3545,A2,168/155,A2-168
3546,A2,167/155,A2-167
3547,A2,166/155,A2-166
3548,A2,165/155,A2-165
3549,A2,164/155,A2-164
3550,A2,163/155,A2-163
3551,A2,162/155,A2-162
3552,A2,161/155,A2-161
3553,A2,160/155,A2-160
3554,A2,159/155,A2-159
3555,A2,158/155,A2-158
3556,A2,157/155,A2-157
3557,A2,156/155,A2-156
3558,A2,155/155,A2-155
3559,A2,154/155,A2-154
3560,A2,153/155,A2-153
3561,A2,152/155,A2-152
3562,A2,151/155,A2-151
3563,A2,150/155,A2-150
3564,A2,149/155,A2-149
3565,A2,148/155,A2-148
3566,A2,147/155,A2-147
3567,A2,146/155,A2-146
3568,A2,145/155,A2-145
3569,A2,144/155,A2-144
3570,A2,143/155,A2-143
3571,A2,142/155,A2-142
3572,A2,141/155,A2-141
3573,A2,140/155,A2-140
3574,A2,139/155,A2-139
3575,A2,138/155,A2-138
3576,A2,137/155,A2-137
3577,A2,136/155,A2-136
3578,A2,135/155,A2-135
3579,A2,134/155,A2-134
3580,A2,133/155,A2-133
3581,A2,132/155,A2-132
3582,A2,131/155,A2-131
3583,A2,130/155,A2-130
3584,A2,129/155,A2-129
3585,A2,128/155,A2-128
3586,A2,127/155,A2-127
3587,A2,126/155,A2-126
3588,A2,125/155,A2-125
3589,A2,124/155,A2-124
3590,A2,123/155,A2-123
3591,A2,122/155,A2-122
3592,A2,121/155,A2-121
3593,A2,120/155,A2-120
3594,A2,119/155,A2-119
3595,A2,118/155,A2-118
3596,A2,117/155,A2-117
3597,A2,116/155,A2-116
3598,A2,115/155,A2-115
3599,A2,114/155,A2-114
3600,A2,113/155,A2-113
3601,A2,112/155,A2-112
3602,A2,111/155,A2-111
3603,A2,110/155,A2-110
3604,A2,109/155,A2-109
3605,A2,108/155,A2-108
3606,A2,107/155,A2-107
3607,A2,106/155,A2-106
3608,A2,105/155,A2-105
3609,A2,104/155,A2-104
3610,A2,103/155,A2-103
3611,A2,102/155,A2-102
3612,A2,101/155,A2-101
3613,A2,100/155,A2-100
3614,A2,099/155,A2-099
3615,A2,098/155,A2-098
3616,A2,097/155,A2-097
3617,A2,096/155,A2-096
3618,A2,095/155,A2-095
3619,A2,094/155,A2-094
3620,A2,093/155,A2-093
3621,A2,092/155,A2-092
3622,A2,091/155,A2-091
3623,A2,090/155,A2-090
3624,A2,089/155,A2-089
3625,A2,088/155,A2-088
3626,A2,087/155,A2-087
3627,A2,086/155,A2-086
3628,A2,085/155,A2-085
3629,A2,084/155,A2-084
3630,A2,083/155,A2-083
3631,A2,082/155,A2-082
3632,A2,081/155,A2-081
3633,A2,080/155,A2-080
3634,A2,079/155,A2-079
3635,A2,078/155,A2-078
3636,A2,077/155,A2-077
3637,A2,076/155,A2-076
3638,A2,075/155,A2-075
3639,A2,074/155,A2-074
3640,A2,073/155,A2-073
3641,A2,072/155,A2-072
3642,A2,071/155,A2-071
3643,A2,070/155,A2-070
3644,A2,069/155,A2-069
3645,A2,068/155,A2-068
3646,A2,067/155,A2-067
3647,A2,066/155,A2-066
3648,A2,065/155,A2-065
3649,A2,064/155,A2-064
3650,A2,063/155,A2-063
3651,A2,062/155,A2-062
3652,A2,061/155,A2-061
3653,A2,060/155,A2-060
3654,A2,059/155,A2-059
3655,A2,058/155,A2-058
3656,A2,057/155,A2-057
3657,A2,056/155,A2-056
3658,A2,055/155,A2-055
3659,A2,054/155,A2-054
3660,A2,053/155,A2-053
3661,A2,052/155,A2-052
3662,A2,051/155,A2-051
3663,A2,050/155,A2-050
3664,A2,049/155,A2-049
3665,A2,048/155,A2-048
3666,A2,047/155,A2-047
3667,A2,046/155,A2-046
3668,A2,045/155,A2-045
3669,A2,044/155,A2-044
3670,A2,043/155,A2-043
3671,A2,042/155,A2-042
3672,A2,041/155,A2-041
3673,A2,040/155,A2-040
3674,A2,039/155,A2-039
3675,A2,038/155,A2-038
3676,A2,037/155,A2-037
3677,A2,036/155,A2-036
3678,A2,035/155,A2-035
3679,A2,034/155,A2-034
3680,A2,033/155,A2-033
3681,A2,032/155,A2-032
3682,A2,031/155,A2-031
3683,A2,030/155,A2-030
3684,A2,029/155,A2-029
3685,A2,028/155,A2-028
3686,A2,027/155,A2-027
3687,A2,026/155,A2-026
3688,A2,025/155,A2-025
3689,A2,024/155,A2-024
3690,A2,023/155,A2-023
3691,A2,022/155,A2-022
3692,A2,021/155,A2-021
3693,A2,020/155,A2-020
3694,A2,019/155,A2-019
3695,A2,018/155,A2-018
3696,A2,017/155,A2-017
3697,A2,016/155,A2-016
3698,A2,015/155,A2-015
3699,A2,014/155,A2-014
3700,A2,013/155,A2-013
3701,A2,012/155,A2-012
3702,A2,011/155,A2-011
3703,A2,010/155,A2-010
3704,A2,009/155,A2-009
3705,A2,008/155,A2-008
3706,A2,007/155,A2-007
3707,A2,006/155,A2-006
3708,A2,005/155,A2-005
3709,A2,004/155,A2-004
3710,A2,003/155,A2-003
3711,A2,002/155,A2-002
3712,A2,001/155,A2-001
3713,PROMO-A,038/P-A,P-A-038
3714,PROMO-A,037/P-A,P-A-037
3715,PROMO-A,039/P-A,P-A-039
3716,PROMO-A,041/P-A,P-A-041
3717,PROMO-A,036/P-A,P-A-036
3718,PROMO-A,034/P-A,P-A-034
3719,PROMO-A,040/P-A,P-A-040
3720,PROMO-A,035/P-A,P-A-035
3721,A2a,096/075,A2a-096
3722,A2a,095/075,A2a-095
3723,A2a,094/075,A2a-094
3724,A2a,093/075,A2a-093
3725,A2a,092/075,A2a-092
3726,A2a,091/075,A2a-091
3727,A2a,090/075,A2a-090
3728,A2a,089/075,A2a-089
3729,A2a,088/075,A2a-088
3730,A2a,087/075,A2a-087
3731,A2a,086/075,A2a-086
3732,A2a,085/075,A2a-085
3733,A2a,084/075,A2a-084
3734,A2a,083/075,A2a-083
3735,A2a,082/075,A2a-082
3736,A2a,081/075,A2a-081
3737,A2a,080/075,A2a-080
3738,A2a,079/075,A2a-079
3739,A2a,078/075,A2a-078
3740,A2a,077/075,A2a-077
3741,A2a,076/075,A2a-076
3742,A2a,075/075,A2a-075
3743,A2a,074/075,A2a-074
3744,A2a,073/075,A2a-073
3745,A2a,072/075,A2a-072
3746,A2a,071/075,A2a-071
3747,A2a,070/075,A2a-070
3748,A2a,069/075,A2a-069
3749,A2a,068/075,A2a-068
3750,A2a,067/075,A2a-067
3751,A2a,066/075,A2a-066
3752,A2a,065/075,A2a-065
3753,A2a,064/075,A2a-064
3754,A2a,063/075,A2a-063
3755,A2a,062/076,A2a-062
3756,A2a,061/075,A2a-061
3757,A2a,060/075,A2a-060
3758,A2a,059/075,A2a-059
3759,A2a,058/075,A2a-058
3760,A2a,057/075,A2a-057
3761,A2a,056/075,A2a-056
3762,A2a,055/075,A2a-055
3763,A2a,054/075,A2a-054
3764,A2a,053/075,A2a-053
3765,A2a,052/075,A2a-052
3766,A2a,051/075,A2a-051
3767,A2a,050/075,A2a-050
3768,A2a,049/075,A2a-049
3769,A2a,048/075,A2a-048
3770,A2a,047/075,A2a-047
3771,A2a,046/075,A2a-046
3772,A2a,045/075,A2a-045
3773,A2a,044/075,A2a-044
3774,A2a,043/075,A2a-043
3775,A2a,042/075,A2a-042
3776,A2a,041/075,A2a-041
3777,A2a,040/075,A2a-040
3778,A2a,039/075,A2a-039
3779,A2a,038/075,A2a-038
3780,A2a,037/075,A2a-037
3781,A2a,036/075,A2a-036
3782,A2a,035/075,A2a-035
3783,A2a,034/075,A2a-034
3784,A2a,033/075,A2a-033
3785,A2a,032/075,A2a-032
3786,A2a,031/075,A2a-031
3787,A2a,030/075,A2a-030
3788,A2a,029/075,A2a-029
3789,A2a,028/075,A2a-028
3790,A2a,027/075,A2a-027
3791,A2a,026/075,A2a-026
3792,A2a,025/075,A2a-025
3793,A2a,024/075,A2a-024
3794,A2a,023/075,A2a-023
3795,A2a,022/075,A2a-022
3796,A2a,021/075,A2a-021
3797,A2a,020/075,A2a-020
3798,A2a,019/075,A2a-019
3799,A2a,018/075,A2a-018
3800,A2a,017/075,A2a-017
3801,A2a,016/075,A2a-016
3802,A2a,015/075,A2a-015
3803,A2a,014/075,A2a-014
3804,A2a,013/075,A2a-013
3805,A2a,012/075,A2a-012
3806,A2a,011/075,A2a-011
3807,A2a,010/075,A2a-010
3808,A2a,009/075,A2a-009
3809,A2a,008/075,A2a-008
3810,A2a,007/075,A2a-007
3811,A2a,006/075,A2a-006
3812,A2a,005/075,A2a-005
3813,A2a,004/075,A2a-004
3814,A2a,003/075,A2a-003
3815,A2a,002/075,A2a-002
3816,A2a,001/075,A2a-001
3817,PROMO-A,042/P-A,P-A-042
3818,PROMO-A,043/P-A,P-A-043
3819,PROMO-A,044/P-A,P-A-044
3820,PROMO-A,045/P-A,P-A-045
3821,PROMO-A,046/P-A,P-A-046
3822,PROMO-A,047/P-A,P-A-047
3823,PROMO-A,048/P-A,P-A-048
3824,PROMO-A,049//P-A,P-A-049
3825,PROMO-A,053/P-A,P-A-053
3826,A2b,052/P-A,A2b-052
3827,PROMO-A,059/P-A,P-A-059
3828,PROMO-A,058/P-A,P-A-058
3829,PROMO-A,057/P-A,P-A-057
3830,PROMO-A,056/P-A,P-A-056
3831,PROMO-A,055/P-A,P-A-055
3832,PROMO-A,054/P-A,P-A-054
3833,PROMO-A,051//P-A,P-A-051
3834,PROMO-A,050//P-A,P-A-050
3835,A2b,111/072,A2b-111
3836,A2b,110/072,A2b-110
3837,A2b,109/072,A2b-109
3838,A2b,108/072,A2b-108
3839,A2b,107/072,A2b-107
3840,A2b,106/072,A2b-106
3841,A2b,105/072,A2b-105
3842,A2b,104/072,A2b-104
3843,A2b,103/072,A2b-103
3844,A2b,102/072,A2b-102
3845,A2b,101/072,A2b-101
3846,A2b,100/072,A2b-100
3847,A2b,099/072,A2b-099
3848,A2b,098/072,A2b-098
3849,A2b,097/072,A2b-097
3850,A2b,096/072,A2b-096
3851,A2b,095/072,A2b-095
3852,A2b,094/072,A2b-094
3853,A2b,093/072,A2b-093
3854,A2b,092/072,A2b-092
3855,A2b,091/072,A2b-091
3856,A2b,090/072,A2b-090
3857,A2b,089/072,A2b-089
3858,A2b,088/072,A2b-088
3859,A2b,087/072,A2b-087
3860,A2b,086/072,A2b-086
3861,A2b,085/072,A2b-085
3862,A2b,084/072,A2b-084
3863,A2b,083/072,A2b-083
3864,A2b,082/072,A2b-082
3865,A2b,081/072,A2b-081
3866,A2b,080/072,A2b-080
3867,A2b,079/072,A2b-079
3868,A2b,078/072,A2b-078
3869,A2b,077/072,A2b-077
3870,A2b,076/072,A2b-076
3871,A2b,075/072,A2b-075
3872,A2b,074/072,A2b-074
3873,A2b,073/072,A2b-073
3874,A2b,072/072,A2b-072
3875,A2b,071/072,A2b-071
3876,A2b,070/072,A2b-070
3877,A2b,069/072,A2b-069
3878,A2b,068/072,A2b-068
3879,A2b,067/072,A2b-067
3880,A2b,066/072,A2b-066
3881,A2b,065/072,A2b-065
3882,A2b,064/072,A2b-064
3883,A2b,063/072,A2b-063
3884,A2b,062/072,A2b-062
3885,A2b,061/072,A2b-061
3886,A2b,060/072,A2b-060
3887,A2b,059/072,A2b-059
3888,A2b,058/072,A2b-058
3889,A2b,056/072,A2b-056
3890,A2b,055/072,A2b-055
3891,A2b,054/072,A2b-054
3892,A2b,053/072,A2b-053
3893,A2b,052/072,A2b-052
3894,A2b,051/072,A2b-051
3895,A2b,050/072,A2b-050
3896,A2b,049/072,A2b-049
3897,A2b,048/072,A2b-048
3898,A2b,047/072,A2b-047
3899,A2b,046/072,A2b-046
3900,A2b,045/072,A2b-045
3901,A2b,044/072,A2b-044
3902,A2b,043/072,A2b-043
3903,A2b,042/072,A2b-042
3904,A2b,041/072,A2b-041
3905,A2b,040/072,A2b-040
3906,A2b,039/072,A2b-039
3907,A2b,038/072,A2b-038
3908,A2b,037/072,A2b-037
3909,A2b,057/072,A2b-057
3910,A2b,036/072,A2b-036
3911,A2b,035/072,A2b-035
3912,A2b,034/072,A2b-034
3913,A2b,033/072,A2b-033
3914,A2b,032/072,A2b-032
3915,A2b,031/072,A2b-031
3916,A2b,030/072,A2b-030
3917,A2b,029/072,A2b-029
3918,A2b,028/072,A2b-028
3919,A2b,027/072,A2b-027
3920,A2b,026/072,A2b-026
3921,A2b,025/072,A2b-025
3922,A2b,024/072,A2b-024
3923,A2b,023/072,A2b-023
3924,A2b,022/072,A2b-022
3925,A2b,021/072,A2b-021
3926,A2b,020/072,A2b-020
3927,A2b,019/072,A2b-019
3928,A2b,018/072,A2b-018
3929,A2b,017/072,A2b-017
3930,A2b,016/072,A2b-016
3931,A2b,015/072,A2b-015
3932,A2b,014/072,A2b-014
3933,A2b,013/072,A2b-013
3934,A2b,012/072,A2b-012
3935,A2b,011/072,A2b-011
3936,A2b,010/072,A2b-010
3937,A2b,009/072,A2b-009
3938,A2b,008/072,A2b-008
3939,A2b,007/072,A2b-007
3940,A2b,006/072,A2b-006
3941,A2b,005/072,A2b-005
3942,A2b,004/072,A2b-004
3943,A2b,003/072,A2b-003
3944,A2b,002/072,A2b-002
3945,A2b,001/072,A2b-001
3946,PROMO-A,073/P-A,P-A-073
3947,PROMO-A,072/P-A,P-A-072
3948,PROMO-A,071/P-A,P-A-071
3949,PROMO-A,070/P-A,P-A-070
3950,PROMO-A,069/P-A,P-A-069
3951,PROMO-A,066/P-A,P-A-066
3952,PROMO-A,065/P-A,P-A-065
3953,PROMO-A,064/P-A,P-A-064
3954,PROMO-A,063/P-A,P-A-063
3955,PROMO-A,062/P-A,P-A-062
3956,PROMO-A,061/P-A,P-A-061
3957,PROMO-A,060/P-A,P-A-060
3958,A3,239/155,A3-239
3959,A3,238/155,A3-238
3960,A3,237/155,A3-237
3961,A3,236/155,A3-236
3962,A3,235/155,A3-235
3963,A3,234/155,A3-234
3964,A3,233/155,A3-233
3965,A3,232/155,A3-232
3966,A3,231/155,A3-231
3967,A3,230/155,A3-230
3968,A3,229/155,A3-229
3969,A3,228/155,A3-228
3970,A3,227/155,A3-227
3971,A3,226/155,A3-226
3972,A3,225/155,A3-225
3973,A3,224/155,A3-224
3974,A3,223/155,A3-223
3975,A3,222/155,A3-222
3976,A3,221/155,A3-221
3977,A3,220/155,A3-220
3978,A3,219/155,A3-219
3979,A3,218/155,A3-218
3980,A3,217/155,A3-217
3981,A3,216/155,A3-216
3982,A3,215/155,A3-215
3983,A3,214/155,A3-214
3984,A3,213/155,A3-213
3985,A3,212/155,A3-212
3986,A3,211/155,A3-211
3987,A3,210/155,A3-210
3988,A3,209/155,A3-209
3989,A3,208/155,A3-208
3990,A3,207/155,A3-207
3991,A3,206/155,A3-206
3992,A3,205/155,A3-205
3993,A3,204/155,A3-204
3994,A3,203/155,A3-203
3995,A3,202/155,A3-202
3996,A3,201/155,A3-201
3997,A3,200/155,A3-200
3998,A3,199/155,A3-199
3999,A3,198/155,A3-198
4000,A3,197/155,A3-197
4001,A3,196/155,A3-196
4002,A3,195/155,A3-195
4003,A3,194/155,A3-194
4004,A3,193/155,A3-193
4005,A3,192/155,A3-192
4006,A3,191/155,A3-191
4007,A3,190/155,A3-190
4008,A3,189/155,A3-189
4009,A3,188/155,A3-188
4010,A3,187/155,A3-187
4011,A3,186/155,A3-186
4012,A3,185/155,A3-185
4013,A3,184/155,A3-184
4014,A3,183/155,A3-183
4015,A3,182/155,A3-182
4016,A3,181/155,A3-181
4017,A3,180/155,A3-180
4018,A3,179/155,A3-179
4019,A3,178/155,A3-178
4020,A3,177/155,A3-177
4021,A3,176/155,A3-176
4022,A3,175/155,A3-175
4023,A3,174/155,A3-174
4024,A3,173/155,A3-173
4025,A3,172/155,A3-172
4026,A3,171/155,A3-171
4027,A3,170/155,A3-170
4028,A3,169/155,A3-169
4029,A3,168/155,A3-168
4030,A3,167/155,A3-167
4031,A3,166/155,A3-166
4032,A3,165/155,A3-165
4033,A3,164/155,A3-164
4034,A3,163/155,A3-163
4035,A3,162/155,A3-162
4036,A3,161/155,A3-161
4037,A3,160/155,A3-160
4038,A3,159/155,A3-159
4039,A3,158/155,A3-158
4040,A3,157/155,A3-157
4041,A3,156/155,A3-156
4042,A3,155/155,A3-155
4043,A3,154/155,A3-154
4044,A3,153/155,A3-153
4045,A3,152/155,A3-152
4046,A3,151/155,A3-151
4047,A3,150/155,A3-150
4048,A3,149/155,A3-149
4049,A3,148/155,A3-148
4050,A3,147/155,A3-147
4051,A3,146/155,A3-146
4052,A3,145/155,A3-145
4053,A3,144/155,A3-144
4054,A3,143/155,A3-143
4055,A3,142/155,A3-142
4056,A3,141/155,A3-141
4057,A3,140/155,A3-140
4058,A3,139/155,A3-139
4059,A3,138/155,A3-138
4060,A3,137/155,A3-137
4061,A3,136/155,A3-136
4062,A3,135/155,A3-135
4063,A3,134/155,A3-134
4064,A3,133/155,A3-133
4065,A3,132/155,A3-132
4066,A3,131/155,A3-131
4067,A3,130/155,A3-130
4068,A3,129/155,A3-129
4069,A3,128/155,A3-128
4070,A3,127/155,A3-127
4071,A3,126/155,A3-126
4072,A3,125/155,A3-125
4073,A3,124/155,A3-124
4074,A3,123/155,A3-123
4075,A3,122/155,A3-122
4076,A3,121/155,A3-121
4077,A3,120/155,A3-120
4078,A3,119/155,A3-119
4079,A3,118/155,A3-118
4080,A3,117/155,A3-117
4081,A3,116/155,A3-116
4082,A3,115/155,A3-115
4083,A3,114/155,A3-114
4084,A3,113/155,A3-113
4085,A3,112/155,A3-112
4086,A3,111/155,A3-111
4087,A3,110/155,A3-110
4088,A3,109/155,A3-109
4089,A3,108/155,A3-108
4090,A3,107/155,A3-107
4091,A3,106/155,A3-106
4092,A3,105/155,A3-105
4093,A3,104/155,A3-104
4094,A3,103/155,A3-103
4095,A3,102/155,A3-102
4096,A3,101/155,A3-101
4097,A3,100/155,A3-100
4098,A3,099/155,A3-099
4099,A3,098/155,A3-098
4100,A3,097/155,A3-097
4101,A3,096/155,A3-096
4102,A3,095/155,A3-095
4103,A3,094/155,A3-094
4104,A3,093/155,A3-093
4105,A3,092/155,A3-092
4106,A3,091/155,A3-091
4107,A3,090/155,A3-090
4108,A3,089/155,A3-089
4109,A3,088/155,A3-088
4110,A3,087/155,A3-087
4111,A3,086/155,A3-086
4112,A3,085/155,A3-085
4113,A3,084/155,A3-084
4114,A3,083/155,A3-083
4115,A3,082/155,A3-082
4116,A3,081/155,A3-081
4117,A3,080/155,A3-080
4118,A3,079/155,A3-079
4119,A3,078/155,A3-078
4120,A3,077/155,A3-077
4121,A3,076/155,A3-076
4122,A3,075/155,A3-075
4123,A3,074/155,A3-074
4124,A3,073/155,A3-073
4125,A3,072/155,A3-072
4126,A3,071/155,A3-071
4127,A3,070/155,A3-070
4128,A3,069/155,A3-069
4129,A3,068/155,A3-068
4130,A3,067/155,A3-067
4131,A3,066/155,A3-066
4132,A3,065/155,A3-065
4133,A3,064/155,A3-064
4134,A3,063/155,A3-063
4135,A3,062/155,A3-062
4136,A3,061/155,A3-061
4137,A3,060/155,A3-060
4138,A3,059/155,A3-059
4139,A3,058/155,A3-058
4140,A3,057/155,A3-057
4141,A3,056/155,A3-056
4142,A3,055/155,A3-055
4143,A3,054/155,A3-054
4144,A3,053/155,A3-053
4145,A3,052/155,A3-052
4146,A3,051/155,A3-051
4147,A3,050/155,A3-050
4148,A3,049/155,A3-049
4149,A3,048/155,A3-048
4150,A3,047/155,A3-047
4151,A3,046/155,A3-046
4152,A3,045/155,A3-045
4153,A3,044/155,A3-044
4154,A3,043/155,A3-043
4155,A3,042/155,A3-042
4156,A3,041/155,A3-041
4157,A3,040/155,A3-040
4158,A3,039/155,A3-039
4159,A3,038/155,A3-038
4160,A3,037/155,A3-037
4161,A3,036/155,A3-036
4162,A3,035/155,A3-035
4163,A3,034/155,A3-034
4164,A3,033/155,A3-033
4165,A3,032/155,A3-032
4166,A3,031/155,A3-031
4167,A3,030/155,A3-030
4168,A3,029/155,A3-029
4169,A3,028/155,A3-028
4170,A3,027/155,A3-027
4171,A3,026/155,A3-026
4172,A3,025/155,A3-025
4173,A3,024/155,A3-024
4174,A3,023/155,A3-023
4175,A3,022/155,A3-022
4176,A3,021/155,A3-021
4177,A3,020/155,A3-020
4178,A3,019/155,A3-019
4179,A3,018/155,A3-018
4180,A3,017/155,A3-017
4181,A3,016/155,A3-016
4182,A3,015/155,A3-015
4183,A3,014/155,A3-014
4184,A3,013/155,A3-013
4185,A3,012/155,A3-012
4186,A3,011/155,A3-011
4187,A3,010/155,A3-010
4188,A3,009/155,A3-009
4189,A3,008/155,A3-008
4190,A3,007/155,A3-007
4191,A3,006/155,A3-006
4192,A3,005/155,A3-005
4193,A3,004/155,A3-004
4194,A3,003/155,A3-003
4195,A3,002/155,A3-002
4196,A3,001/155,A3-001
4197,PROMO-A,067/P-A,P-A-067
4198,PROMO-A,068/P-A,P-A-068
4199,PROMO-A,083/P-A,P-A-083
4200,PROMO-A,082/P-A,P-A-082
4201,PROMO-A,081/P-A,P-A-081
4202,PROMO-A,080/P-A,P-A-080
4203,PROMO-A,079/P-A,P-A-079
4204,PROMO-A,078/P-A,P-A-078
4205,PROMO-A,077/P-A,P-A-077
4206,PROMO-A,076/P-A,P-A-076
4207,PROMO-A,075/P-A,P-A-075
4208,PROMO-A,074/P-A,P-A-074
4209,A3a,103/069,A3a-103
4210,A3a,102/069,A3a-102
4211,A3a,101/069,A3a-101
4212,A3a,100/069,A3a-100
4213,A3a,099/069,A3a-099
4214,A3a,098/069,A3a-098
4215,A3a,097/069,A3a-097
4216,A3a,096/069,A3a-096
4217,A3a,095/069,A3a-095
4218,A3a,094/069,A3a-094
4219,A3a,093/069,A3a-093
4220,A3a,092/069,A3a-092
4221,A3a,091/069,A3a-091
4222,A3a,090/069,A3a-090
4223,A3a,089/069,A3a-089
4224,A3a,088/069,A3a-088
4225,A3a,087/069,A3a-087
4226,A3a,086/069,A3a-086
4227,A3a,085/069,A3a-085
4228,A3a,084/069,A3a-084
4229,A3a,083/069,A3a-083
4230,A3a,082/069,A3a-082
4231,A3a,081/069,A3a-081
4232,A3a,080/069,A3a-080
4233,A3a,079/069,A3a-079
4234,A3a,078/069,A3a-078
4235,A3a,077/069,A3a-077
4236,A3a,076/069,A3a-076
4237,A3a,075/069,A3a-075
4238,A3a,074/069,A3a-074
4239,A3a,073/069,A3a-073
4240,A3a,072/069,A3a-072
4241,A3a,071/069,A3a-071
4242,A3a,070/069,A3a-070
4243,A3a,069/069,A3a-069
4244,A3a,068/069,A3a-068
4245,A3a,067/069,A3a-067
4246,A3a,066/069,A3a-066
4247,A3a,065/069,A3a-065
4248,A3a,064/069,A3a-064
4249,A3a,063/069,A3a-063
4250,A3a,062/069,A3a-062
4251,A3a,061/069,A3a-061
4252,A3a,060/069,A3a-060
4253,A3a,059/069,A3a-059
4254,A3a,058/069,A3a-058
4255,A3a,057/069,A3a-057
4256,A3a,056/069,A3a-056
4257,A3a,055/069,A3a-055
4258,A3a,054/069,A3a-054
4259,A3a,053/069,A3a-053
4260,A3a,052/069,A3a-052
4261,A3a,051/069,A3a-051
4262,A3a,050/069,A3a-050
4263,A3a,049/069,A3a-049
4264,A3a,048/069,A3a-048
4265,A3a,047/069,A3a-047
4266,A3a,046/069,A3a-046
4267,A3a,045/069,A3a-045
4268,A3a,044/069,A3a-044
4269,A3a,043/069,A3a-043
4270,A3a,042/069,A3a-042
4271,A3a,041/069,A3a-041
4272,A3a,040/069,A3a-040
4273,A3a,039/069,A3a-039
4274,A3a,038/069,A3a-038
4275,A3a,037/069,A3a-037
4276,A3a,036/069,A3a-036
4277,A3a,035/069,A3a-035
4278,A3a,034/069,A3a-034
4279,A3a,033/069,A3a-033
4280,A3a,032/069,A3a-032
4281,A3a,031/069,A3a-031
4282,A3a,030/069,A3a-030
4283,A3a,029/069,A3a-029
4284,A3a,028/069,A3a-028
4285,A3a,027/069,A3a-027
4286,A3a,026/069,A3a-026
4287,A3a,025/069,A3a-025
4288,A3a,024/069,A3a-024
4289,A3a,023/069,A3a-023
4290,A3a,022/069,A3a-022
4291,A3a,021/069,A3a-021
4292,A3a,020/069,A3a-020
4293,A3a,019/069,A3a-019
4294,A3a,018/069,A3a-018
4295,A3a,017/069,A3a-017
4296,A3a,016/069,A3a-016
4297,A3a,015/069,A3a-015
4298,A3a,014/069,A3a-014
4299,A3a,013/069,A3a-013
4300,A3a,012/069,A3a-012
4301,A3a,011/069,A3a-011
4302,A3a,010/069,A3a-010
4303,A3a,009/069,A3a-009
4304,A3a,008/069,A3a-008
4305,A3a,007/069,A3a-007
4306,A3a,006/069,A3a-006
4307,A3a,005/069,A3a-005
4308,A3a,004/069,A3a-004
4309,A3a,003/069,A3a-003
4310,A3a,002/069,A3a-002
4311,A3a,001/069,A3a-001
4312,A3b,107/069,A3b-107
4313,A3b,106/069,A3b-106
4314,A3b,105/069,A3b-105
4315,A3b,104/069,A3b-104
4316,A3b,103/069,A3b-103
4317,A3b,102/069,A3b-102
4318,A3b,101/069,A3b-101
4319,A3b,100/069,A3b-100
4320,A3b,099/069,A3b-099
4321,A3b,098/069,A3b-098
4322,A3b,097/069,A3b-097
4323,A3b,096/069,A3b-096
4324,A3b,095/069,A3b-095
4325,A3b,094/069,A3b-094
4326,A3b,093/069,A3b-093
4327,A3b,092/069,A3b-092
4328,A3b,091/069,A3b-091
4329,A3b,090/069,A3b-090
4330,A3b,089/069,A3b-089
4331,A3b,088/069,A3b-088
4332,A3b,087/069,A3b-087
4333,A3b,086/069,A3b-086
4334,A3b,085/069,A3b-085
4335,A3b,084/069,A3b-084
4336,A3b,083/069,A3b-083
4337,A3b,082/069,A3b-082
4338,A3b,081/069,A3b-081
4339,A3b,080/069,A3b-080
4340,A3b,079/069,A3b-079
4341,A3b,078/069,A3b-078
4342,A3b,077/069,A3b-077
4343,A3b,076/069,A3b-076
4344,A3b,075/069,A3b-075
4345,A3b,074/069,A3b-074
4346,A3b,073/069,A3b-073
4347,A3b,072/069,A3b-072
4348,A3b,071/069,A3b-071
4349,A3b,070/069,A3b-070
4350,A3b,069/069,A3b-069
4351,A3b,068/069,A3b-068
4352,A3b,067/069,A3b-067
4353,A3b,066/069,A3b-066
4354,A3b,065/069,A3b-065
4355,A3b,064/069,A3b-064
4356,A3b,063/069,A3b-063
4357,A3b,062/069,A3b-062
4358,A3b,061/069,A3b-061
4359,A3b,060/069,A3b-060
4360,A3b,059/069,A3b-059
4361,A3b,058/069,A3b-058
4362,A3b,057/069,A3b-057
4363,A3b,056/069,A3b-056
4364,A3b,055/069,A3b-055
4365,A3b,054/069,A3b-054
4366,A3b,053/069,A3b-053
4367,A3b,052/069,A3b-052
4368,A3b,051/069,A3b-051
4369,A3b,050/069,A3b-050
4370,A3b,049/069,A3b-049
4371,A3b,048/069,A3b-048
4372,A3b,047/069,A3b-047
4373,A3b,046/069,A3b-046
4374,A3b,045/069,A3b-045
4375,A3b,044/069,A3b-044
4376,A3b,043/069,A3b-043
4377,A3b,042/069,A3b-042
4378,A3b,041/069,A3b-041
4379,A3b,040/069,A3b-040
4380,A3b,039/069,A3b-039
4381,A3b,038/069,A3b-038
4382,A3b,037/069,A3b-037
4383,A3b,036/069,A3b-036
4384,A3b,035/069,A3b-035
4385,A3b,034/069,A3b-034
4386,A3b,033/069,A3b-033
4387,A3b,032/069,A3b-032
4388,A3b,031/069,A3b-031
4389,A3b,030/069,A3b-030
4390,A3b,029/069,A3b-029
4391,A3b,028/069,A3b-028
4392,A3b,027/069,A3b-027
4393,A3b,026/069,A3b-026
4394,A3b,025/069,A3b-025
4395,A3b,024/069,A3b-024
4396,A3b,023/069,A3b-023
4397,A3b,022/069,A3b-022
4398,A3b,021/069,A3b-021
4399,A3b,020/069,A3b-020
4400,A3b,019/069,A3b-019
4401,A3b,018/069,A3b-018
4402,A3b,017/069,A3b-017
4403,A3b,016/069,A3b-016
4404,A3b,015/069,A3b-015
4405,A3b,014/069,A3b-014
4406,A3b,013/069,A3b-013
4407,A3b,012/069,A3b-012
4408,A3b,011/069,A3b-011
4409,A3b,010/069,A3b-010
4410,A3b,009/069,A3b-009
4411,A3b,008/069,A3b-008
4412,A3b,007/069,A3b-007
4413,A3b,006/069,A3b-006
4414,A3b,005/069,A3b-005
4415,A3b,004/069,A3b-004
4416,A3b,003/069,A3b-003
4417,A3b,002/069,A3b-002
4418,A3b,001/069,A3b-001
4419,PROMO-A,092/P-A,P-A-092
4420,PROMO-A,091/P-A,P-A-091
4421,PROMO-A,090/P-A,P-A-090
4422,PROMO-A,089/P-A,P-A-089
4423,PROMO-A,088/P-A,P-A-088
4424,PROMO-A,087/P-A,P-A-087
4425,PROMO-A,086/P-A,P-A-086
4426,PROMO-A,085/P-A,P-A-085
4427,PROMO-A,084/P-A,P-A-084
4428,A4,241/161,A4-241
4429,A4,240/161,A4-240
4430,A4,239/161,A4-239
4431,A4,238/161,A4-238
4432,A4,237/161,A4-237
4433,A4,236/161,A4-236
4434,A4,235/161,A4-235
4435,A4,234/161,A4-234
4436,A4,233/161,A4-233
4437,A4,232/161,A4-232
4438,A4,231/161,A4-231
4439,A4,230/161,A4-230
4440,A4,229/161,A4-229
4441,A4,228/161,A4-228
4442,A4,227/161,A4-227
4443,A4,226/161,A4-226
4444,A4,225/161,A4-225
4445,A4,224/161,A4-224
4446,A4,223/161,A4-223
4447,A4,222/161,A4-222
4448,A4,221/161,A4-221
4449,A4,220/161,A4-220
4450,A4,219/161,A4-219
4451,A4,218/161,A4-218
4452,A4,217/161,A4-217
4453,A4,216/161,A4-216
4454,A4,215/161,A4-215
4455,A4,214/161,A4-214
4456,A4,213/161,A4-213
4457,A4,212/161,A4-212
4458,A4,211/161,A4-211
4459,A4,210/161,A4-210
4460,A4,209/161,A4-209
4461,A4,208/161,A4-208
4462,A4,207/161,A4-207
4463,A4,206/161,A4-206
4464,A4,205/161,A4-205
4465,A4,204/161,A4-204
4466,A4,203/161,A4-203
4467,A4,202/161,A4-202
4468,A4,201/161,A4-201
4469,A4,200/161,A4-200
4470,A4,199/161,A4-199
4471,A4,198/161,A4-198
4472,A4,197/161,A4-197
4473,A4,196/161,A4-196
4474,A4,195/161,A4-195
4475,A4,194/161,A4-194
4476,A4,193/161,A4-193
4477,A4,192/161,A4-192
4478,A4,191/161,A4-191
4479,A4,190/161,A4-190
4480,A4,189/161,A4-189
4481,A4,188/161,A4-188
4482,A4,187/161,A4-187
4483,A4,186/161,A4-186
4484,A4,185/161,A4-185
4485,A4,184/161,A4-184
4486,A4,183/161,A4-183
4487,A4,182/161,A4-182
4488,A4,181/161,A4-181
4489,A4,180/161,A4-180
4490,A4,179/161,A4-179
4491,A4,178/161,A4-178
4492,A4,177/161,A4-177
4493,A4,176/161,A4-176
4494,A4,175/161,A4-175
4495,A4,174/161,A4-174
4496,A4,173/161,A4-173
4497,A4,172/161,A4-172
4498,A4,171/161,A4-171
4499,A4,170/161,A4-170
4500,A4,169/161,A4-169
4501,A4,168/161,A4-168
4502,A4,167/161,A4-167
4503,A4,166/161,A4-166
4504,A4,165/161,A4-165
4505,A4,164/161,A4-164
4506,A4,163/161,A4-163
4507,A4,162/161,A4-162
4508,A4,161/161,A4-161
4509,A4,160/161,A4-160
4510,A4,159/161,A4-159
4511,A4,158/161,A4-158
4512,A4,157/161,A4-157
4513,A4,156/161,A4-156
4514,A4,155/161,A4-155
4515,A4,154/161,A4-154
4516,A4,153/161,A4-153
4517,A4,152/161,A4-152
4518,A4,151/161,A4-151
4519,A4,150/161,A4-150
4520,A4,149/161,A4-149
4521,A4,148/161,A4-148
4522,A4,147/161,A4-147
4523,A4,146/161,A4-146
4524,A4,145/161,A4-145
4525,A4,144/161,A4-144
4526,A4,143/161,A4-143
4527,A4,142/161,A4-142
4528,A4,141/161,A4-141
4529,A4,140/161,A4-140
4530,A4,139/161,A4-139
4531,A4,138/161,A4-138
4532,A4,137/161,A4-137
4533,A4,136/161,A4-136
4534,A4,135/161,A4-135
4535,A4,134/161,A4-134
4536,A4,133/161,A4-133
4537,A4,132/161,A4-132
4538,A4,131/161,A4-131
4539,A4,130/161,A4-130
4540,A4,129/161,A4-129
4541,A4,128/161,A4-128
4542,A4,127/161,A4-127
4543,A4,126/161,A4-126
4544,A4,125/161,A4-125
4545,A4,124/161,A4-124
4546,A4,123/161,A4-123
4547,A4,122/161,A4-122
4548,A4,121/161,A4-121
4549,A4,120/161,A4-120
4550,A4,119/161,A4-119
4551,A4,118/161,A4-118
4552,A4,117/161,A4-117
4553,A4,116/161,A4-116
4554,A4,115/161,A4-115
4555,A4,114/161,A4-114
4556,A4,113/161,A4-113
4557,A4,112/161,A4-112
4558,A4,111/161,A4-111
4559,A4,110/161,A4-110
4560,A4,109/161,A4-109
4561,A4,108/161,A4-108
4562,A4,107/161,A4-107
4563,A4,106/161,A4-106
4564,A4,105/161,A4-105
4565,A4,104/161,A4-104
4566,A4,103/161,A4-103
4567,A4,102/161,A4-102
4568,A4,101/161,A4-101
4569,A4,100/161,A4-100
4570,A4,099/161,A4-099
4571,A4,098/161,A4-098
4572,A4,097/161,A4-097
4573,A4,096/161,A4-096
4574,A4,095/161,A4-095
4575,A4,094/161,A4-094
4576,A4,093/161,A4-093
4577,A4,092/161,A4-092
4578,A4,091/161,A4-091
4579,A4,090/161,A4-090
4580,A4,089/161,A4-089
4581,A4,088/161,A4-088
4582,A4,087/161,A4-087
4583,A4,086/161,A4-086
4584,A4,085/161,A4-085
4585,A4,084/161,A4-084
4586,A4,083/161,A4-083
4587,A4,082/161,A4-082
4588,A4,081/161,A4-081
4589,A4,080/161,A4-080
4590,A4,079/161,A4-079
4591,A4,078/161,A4-078
4592,A4,077/161,A4-077
4593,A4,076/161,A4-076
4594,A4,075/161,A4-075
4595,A4,074/161,A4-074
4596,A4,073/161,A4-073
4597,A4,072/161,A4-072
4598,A4,071/161,A4-071
4599,A4,070/161,A4-070
4600,A4,069/161,A4-069
4601,A4,068/161,A4-068
4602,A4,067/161,A4-067
4603,A4,066/161,A4-066
4604,A4,065/161,A4-065
4605,A4,064/161,A4-064
4606,A4,063/161,A4-063
4607,A4,062/161,A4-062
4608,A4,061/161,A4-061
4609,A4,060/161,A4-060
4610,A4,059/161,A4-059
4611,A4,058/161,A4-058
4612,A4,057/161,A4-057
4613,A4,056/161,A4-056
4614,A4,055/161,A4-055
4615,A4,054/161,A4-054
4616,A4,053/161,A4-053
4617,A4,052/161,A4-052
4618,A4,051/161,A4-051
4619,A4,050/161,A4-050
4620,A4,049/161,A4-049
4621,A4,048/161,A4-048
4622,A4,047/161,A4-047
4623,A4,046/161,A4-046
4624,A4,045/161,A4-045
4625,A4,044/161,A4-044
4626,A4,043/161,A4-043
4627,A4,042/161,A4-042
4628,A4,041/161,A4-041
4629,A4,040/161,A4-040
4630,A4,039/161,A4-039
4631,A4,038/161,A4-038
4632,A4,037/161,A4-037
4633,A4,036/161,A4-036
4634,A4,035/161,A4-035
4635,A4,034/161,A4-034
4636,A4,033/161,A4-033
4637,A4,032/161,A4-032
4638,A4,031/161,A4-031
4639,A4,030/161,A4-030
4640,A4,029/161,A4-029
4641,A4,028/161,A4-028
4642,A4,027/161,A4-027
4643,A4,026/161,A4-026
4644,A4,025/161,A4-025
4645,A4,024/161,A4-024
4646,A4,023/161,A4-023
4647,A4,022/161,A4-022
4648,A4,021/161,A4-021
4649,A4,020/161,A4-020
4650,A4,019/161,A4-019
4651,A4,018/161,A4-018
4652,A4,017/161,A4-017
4653,A4,016/161,A4-016
4654,A4,015/161,A4-015
4655,A4,014/161,A4-014
4656,A4,013/161,A4-013
4657,A4,012/161,A4-012
4658,A4,011/161,A4-011
4659,A4,010/161,A4-010
4660,A4,009/161,A4-009
4661,A4,008/161,A4-008
4662,A4,007/161,A4-007
4663,A4,006/161,A4-006
4664,A4,005/161,A4-005
4665,A4,004/161,A4-004
4666,A4,003/161,A4-003
4667,A4,002/161,A4-002
4668,A4,001/161,A4-001
4669,PROMO-A,093/P-A,P-A-093
4670,PROMO-A,094/P-A,P-A-094
4671,PROMO-A,095/P-A,P-A-095
4672,PROMO-A,096/P-A,P-A-096
4673,PROMO-A,097/P-A,P-A-097
4674,PROMO-A,098/P-A,P-A-098
4675,PROMO-A,099/P-A,P-A-099
4676,PROMO-A,100/P-A,P-A-100
4677,A4a,105/71,A4a-105
4678,A4a,104/71,A4a-104
4679,A4a,103/71,A4a-103
4680,A4a,102/71,A4a-102
4681,A4a,101/71,A4a-101
4682,A4a,100/71,A4a-100
4683,A4a,099/71,A4a-099
4684,A4a,098/71,A4a-098
4685,A4a,097/71,A4a-097
4686,A4a,096/71,A4a-096
4687,A4a,095/71,A4a-095
4688,A4a,094/71,A4a-094
4689,A4a,093/71,A4a-093
4690,A4a,092/71,A4a-092
4691,A4a,091/71,A4a-091
4692,A4a,090/71,A4a-090
4693,A4a,089/71,A4a-089
4694,A4a,088/71,A4a-088
4695,A4a,087/71,A4a-087
4696,A4a,086/71,A4a-086
4697,A4a,085/71,A4a-085
4698,A4a,084/71,A4a-084
4699,A4a,083/71,A4a-083
4700,A4a,082/71,A4a-082
4701,A4a,081/71,A4a-081
4702,A4a,080/71,A4a-080
4703,A4a,079/71,A4a-079
4704,A4a,078/71,A4a-078
4705,A4a,077/71,A4a-077
4706,A4a,076/71,A4a-076
4707,A4a,075/71,A4a-075
4708,A4a,074/71,A4a-074
4709,A4a,073/71,A4a-073
4710,A4a,072/71,A4a-072
4711,A4a,071/71,A4a-071
4712,A4a,070/71,A4a-070
4713,A4a,069/71,A4a-069
4714,A4a,068/71,A4a-068
4715,A4a,067/71,A4a-067
4716,A4a,066/71,A4a-066
4717,A4a,065/71,A4a-065
4718,A4a,064/71,A4a-064
4719,A4a,063/71,A4a-063
4720,A4a,062/71,A4a-062
4721,A4a,061/71,A4a-061
4722,A4a,060/71,A4a-060
4723,A4a,059/71,A4a-059
4724,A4a,058/71,A4a-058
4725,A4a,057/71,A4a-057
4726,A4a,056/71,A4a-056
4727,A4a,055/71,A4a-055
4728,A4a,054/71,A4a-054
4729,A4a,053/71,A4a-053
4730,A4a,052/71,A4a-052
4731,A4a,051/71,A4a-051
4732,A4a,050/71,A4a-050
4733,A4a,049/71,A4a-049
4734,A4a,048/71,A4a-048
4735,A4a,047/71,A4a-047
4736,A4a,046/71,A4a-046
4737,A4a,045/71,A4a-045
4738,A4a,044/71,A4a-044
4739,A4a,043/71,A4a-043
4740,A4a,042/71,A4a-042
4741,A4a,041/71,A4a-041
4742,A4a,040/71,A4a-040
4743,A4a,039/71,A4a-039
4744,A4a,038/71,A4a-038
4745,A4a,037/71,A4a-037
4746,A4a,036/71,A4a-036
4747,A4a,035/71,A4a-035
4748,A4a,034/71,A4a-034
4749,A4a,033/71,A4a-033
4750,A4a,032/71,A4a-032
4751,A4a,031/71,A4a-031
4752,A4a,030/71,A4a-030
4753,A4a,029/71,A4a-029
4754,A4a,028/71,A4a-028
4755,A4a,027/71,A4a-027
4756,A4a,026/71,A4a-026
4757,A4a,025/71,A4a-025
4758,A4a,024/71,A4a-024
4759,A4a,023/71,A4a-023
4760,A4a,022/71,A4a-022
4761,A4a,021/71,A4a-021
4762,A4a,020/71,A4a-020
4763,A4a,019/71,A4a-019
4764,A4a,018/71,A4a-018
4765,A4a,017/71,A4a-017
4766,A4a,016/71,A4a-016
4767,A4a,015/71,A4a-015
4768,A4a,014/71,A4a-014
4769,A4a,013/71,A4a-013
4770,A4a,012/71,A4a-012
4771,A4a,011/71,A4a-011
4772,A4a,010/71,A4a-010
4773,A4a,009/71,A4a-009
4774,A4a,008/71,A4a-008
4775,A4a,007/71,A4a-007
4776,A4a,006/71,A4a-006
4777,A4a,005/71,A4a-005
4778,A4a,004/71,A4a-004
4779,A4a,003/71,A4a-003
4780,A4a,002/71,A4a-002
4781,A4a,001/71,A4a-001
4782,PROMO-A,101/P-A,P-A-101
4783,PROMO-A,102/P-A,P-A-102
4784,PROMO-A,103/P-A,P-A-103
4785,PROMO-A,104/P-A,P-A-104
4786,PROMO-A,105/P-A,P-A-105
4787,PROMO-A,106/P-A,P-A-106
4788,PROMO-A,107/P-A,P-A-107
4789,PROMO-A,108/P-A,P-A-108
3112,PROMO-A,001/P-A,P-A-001
4790,A4b,379/353,A4b-379
4791,A4b,378/353,A4b-378
4792,A4b,377/353,A4b-377
4793,A4b,376/353,A4b-376
4794,A4b,375/353,A4b-375
4795,A4b,374/353,A4b-374
4796,A4b,373/353,A4b-373
4797,A4b,372/353,A4b-372
4798,A4b,371/353,A4b-371
4799,A4b,370/353,A4b-370
4800,A4b,369/353,A4b-369
4801,A4b,368/353,A4b-368
4802,A4b,367/353,A4b-367
4803,A4b,366/353,A4b-366
4804,A4b,365/353,A4b-365
4805,A4b,364/353,A4b-364
4806,A4b,363/353,A4b-363
4807,A4b,362/353,A4b-362
4808,A4b,361/353,A4b-361
4809,A4b,360/353,A4b-360
4810,A4b,359/353,A4b-359
4811,A4b,358/353,A4b-358
4812,A4b,357/353,A4b-357
4813,A4b,356/353,A4b-356
4814,A4b,355/353,A4b-355
4815,A4b,354/353,A4b-354
4816,A2b,071/072,A2b-071
4817,A3a,069/069,A3a-069
4818,A3,155/155,A3-155
4819,A1a,068/068,A1a-068
4820,A2,155/155,A2-155
4821,A2,154/155,A2-154
4822,A2b,069/072,A2b-069
4823,A1,225/226,A1-225
4824,A4,158/161,A4-158
4825,A1,223/226,A1-223
4826,A4,157/161,A4-157
4827,A2a,072/075,A2a-072
4828,A1,219/226,A1-219
4829,A2,150/155,A2-150
4830,A3,147/155,A3-147
4831,A2,148/155,A2-148
4832,A2,147/155,A2-147
4833,A3a,065/069,A3a-065
4834,A2,146/155,A2-146
4835,A3,144/155,A3-144
4836,A1,218/226,A1-218
4837,A4,151/161,A4-151
4838,A3b,066/069,A3b-066
4839,A2b,068/072,A2b-068
4840,A3a,062/069,A3a-062
4841,A3a,061/069,A3a-061
4842,A3a,060/069,A3a-060
4843,A2a,071/075,A2a-071
4844,A2a,069/075,A2a-069
4845,A2b,065/072,A2b-065
4846,A2b,064/072,A2b-064
4847,A3,130/155,A3-130
4848,A3,129/155,A3-129
4849,A4,149/161,A4-149
4850,A4b,288/353,A4b-288
4851,A3b,056/069,A3b-056
4852,A3b,055/069,A3b-055
4853,A2,125/155,A2-125
4854,A2,124/155,A2-124
4855,A1,198/226,A1-198
4856,A1,195/226,A1-195
4857,A1,193/226,A1-193
4858,A1a,059/068,A1a-059
4859,A1a,058/068,A1a-058
4860,A1a,057/068,A1a-057
4861,A3b,053/069,A3b-053
4862,A3b,052/069,A3b-052
4863,A3b,051/069,A3b-051
4864,A2b,054/072,A2b-054
4865,A2b,053/072,A2b-053
4866,A2b,052/072,A2b-052
4867,A3,123/155,A3-123
4868,A3,122/155,A3-122
4869,A3,121/155,A3-121
4870,A3,119/155,A3-119
4871,A2,119/155,A2-119
4872,A2a,057/075,A2a-057
4873,A4,124/161,A4-124
4874,A3a,047/069,A3a-047
4875,A3a,046/069,A3a-046
4876,A3a,043/069,A3a-043
4877,A3a,042/069,A3a-042
4878,A2,110/155,A2-110
4879,A2,099/155,A2-099
4880,A2,098/155,A2-098
4881,A4,112/161,A4-112
4882,A3b,043/069,A3b-043
4883,A2b,048/072,A2b-048
4884,A2b,047/072,A2b-047
4885,A3,111/155,A3-111
4886,A3,110/155,A3-110
4887,A4,109/161,A4-109
4888,A2a,050/075,A2a-050
4889,A2a,049/075,A2a-049
4890,A2a,048/075,A2a-048
4891,A1a,047/068,A1a-047
4892,A3,104/155,A3-104
4893,A3a,033/069,A3a-033
4894,A3a,032/069,A3a-032
4895,A3,097/155,A3-097
4896,A3,093/155,A3-093
4897,A2,095/155,A2-095
4898,A2b,043/072,A2b-043
4899,A2,092/155,A2-092
4900,A2b,042/072,A2b-042
4901,A2a,047/075,A2a-047
4902,A2a,046/075,A2a-046
4903,A2a,045/075,A2a-045
4904,A2a,042/075,A2a-042
4905,A4,100/161,A4-100
4906,A4,099/161,A4-099
4907,A2a,036/075,A2a-036
4908,A1a,046/068,A1a-046
4909,A1,153/226,A1-153
4910,A1,151/226,A1-151
4911,A1,146/226,A1-146
4912,A1,144/226,A1-144
4913,A1,143/226,A1-143
4914,A3b,037/069,A3b-037
4915,A3b,036/069,A3b-036
4916,A3,087/155,A3-087
4917,A3,086/155,A3-086
4918,A3,085/155,A3-085
4919,A3,077/155,A3-077
4920,A3b,034/069,A3b-034
4921,A3b,032/069,A3b-032
4922,A3b,031/069,A3b-031
4923,A2b,035/072,A2b-035
4924,A2,078/155,A2-078
4925,A1,132/226,A1-132
4926,A2,069/155,A2-069
4927,A2,068/155,A2-068
4928,A2,067/155,A2-067
4929,A2,066/155,A2-066
4930,A4,083/161,A4-083
4931,A1a,032/068,A1a-032
4932,A1,129/226,A1-129
4933,A1,127/226,A1-127
4934,A1,123/226,A1-123
4935,A1,121/226,A1-121
4936,A1,120/226,A1-120
4937,A3a,021/069,A3a-021
4938,A3a,019/069,A3a-019
4939,A3,066/155,A3-066
4940,A2,061/155,A2-061
4941,A2b,025/072,A2b-025
4942,A4,065/161,A4-065
4943,A4,064/161,A4-064
4944,A1,104/226,A1-104
4945,A2,053/155,A2-053
4946,A1,098/226,A1-098
4947,A1,097/226,A1-097
4948,A2b,022/072,A2b-022
4949,A1,096/226,A1-096
4950,A3,058/155,A3-058
4951,A1,094/226,A1-094
4952,A2b,019/072,A2b-019
4953,A2b,018/072,A2b-018
4954,A3,050/155,A3-050
4955,A3,049/155,A3-049
4956,A3b,024/069,A3b-024
4957,A3b,023/069,A3b-023
4958,A3b,022/069,A3b-022
4959,A1,089/226,A1-089
4960,A1,088/226,A1-088
4961,A1,087/226,A1-087
4962,A2,050/155,A2-050
4963,A2,049/155,A2-049
4964,A2a,022/075,A2a-022
4965,A4,061/161,A4-061
4966,A4,060/161,A4-060
4967,A1,084/226,A1-084
4968,A1a,019/068,A1a-019
4969,A1a,018/068,A1a-018
4970,A1a,017/068,A1a-017
4971,A1,076/226,A1-076
4972,A1,074/226,A1-074
4973,A4,043/161,A4-043
4974,A4,042/161,A4-042
4975,A4,041/161,A4-041
4976,A1,056/226,A1-056
4977,A1,054/226,A1-054
4978,A1,053/226,A1-053
4979,A3,033/155,A3-033
4980,A3,032/155,A3-032
4981,A3,030/155,A3-030
4982,A2a,013/075,A2a-013
4983,A2,029/155,A2-029
4984,A2,028/155,A2-028
4985,A2,027/155,A2-027
4986,A3b,010/069,A3b-010
4987,A4,034/161,A4-034
4988,A1,047/226,A1-047
4989,A3b,009/069,A3b-009
4990,A3b,008/069,A3b-008
4991,A1,041/226,A1-041
4992,A1,039/226,A1-039
4993,A2b,010/072,A2b-010
4994,A1,036/226,A1-036
4995,A1,034/226,A1-034
4996,A1,033/226,A1-033
4997,A2b,007/072,A2b-007
4998,A2b,006/072,A2b-006
4999,A2b,005/072,A2b-005
5000,A3a,008/069,A3a-008
5001,A3a,007/069,A3a-007
5002,A3a,006/069,A3a-006
5003,A3,023/155,A3-023
5004,A3,012/155,A3-012
5005,A3,011/155,A3-011
5006,A3,009/155,A3-009
5007,A1a,006/068,A1a-006
5008,A1a,005/068,A1a-005
5009,A1a,004/068,A1a-004
5010,A2,022/155,A2-022
5011,A2a,010/075,A2a-010
5012,A4,024/161,A4-024
5013,A4,023/161,A4-023
5014,A1a,003/068,A1a-003
5015,A4,021/161,A4-021
5016,A2,007/155,A2-007
5017,A2,006/155,A2-006
5018,A4,015/161,A4-015
5019,A4,014/161,A4-014
5020,A4,013/161,A4-013
5021,A1,023/226,A1-023
5022,A1,021/226,A1-021
5023,A2b,003/072,A2b-003
5024,A2b,002/072,A2b-002
5025,A2b,001/072,A2b-001
5026,A1,004/226,A1-004
5027,A1,002/226,A1-002
5028,A1,001/226,A1-001
5137,B1,225/226,B1-225
5207,B1,155/226,B1-155
5031,B1,331/226,B1-331
5032,B1,330/226,B1-330
5033,B1,329/226,B1-329
5083,B1,279/226,B1-279
5134,B1,228/226,B1-228
5162,B1,200/226,B1-200
5163,B1,199/226,B1-199
5164,B1,198/226,B1-198
5173,B1,189/226,B1-189
5174,B1,188/226,B1-188
5175,B1,187/226,B1-187
5180,B1,182/226,B1-182
5181,B1,181/226,B1-181
5182,B1,180/226,B1-180
5194,B1,168/226,B1-168
5195,B1,167/226,B1-167
5196,B1,166/226,B1-166
5200,B1,162/226,B1-162
5201,B1,161/226,B1-161
5218,B1,144/226,B1-144
5219,B1,143/226,B1-143
5237,B1,125/226,B1-125
5239,B1,123/226,B1-123
5240,B1,122/226,B1-122
5246,B1,116/226,B1-116
5247,B1,115/226,B1-115
5253,B1,109/226,B1-109
5262,B1,100/226,B1-100
5263,B1,099/226,B1-099
5264,B1,098/226,B1-098
5265,B1,097/226,B1-097
5269,B1,093/226,B1-093
5270,B1,092/226,B1-092
5273,B1,089/226,B1-089
5297,B1,065/226,B1-065
5298,B1,064/226,B1-064
5299,B1,063/226,B1-063
5303,B1,059/226,B1-059
5304,B1,058/226,B1-058
5318,B1,044/226,B1-044
5338,B1,024/226,B1-024
5339,B1,023/226,B1-023
5343,B1,019/226,B1-019
5350,B1,012/226,B1-012
5351,B1,011/226,B1-011
5034,B1,328/226,B1-328
5039,B1,323/226,B1-323
5041,B1,321/226,B1-321
5044,B1,318/226,B1-318
5052,B1,310/226,B1-310
5056,B1,306/226,B1-306
5057,B1,305/226,B1-305
5059,B1,303/226,B1-303
5060,B1,302/226,B1-302
5065,B1,297/226,B1-297
5066,B1,296/226,B1-296
5067,B1,295/226,B1-295
5068,B1,294/226,B1-294
5069,B1,293/226,B1-293
5077,B1,285/226,B1-285
5080,B1,282/226,B1-282
5082,B1,280/226,B1-280
5086,B1,276/226,B1-276
5087,B1,275/226,B1-275
5092,B1,270/226,B1-270
5096,B1,266/226,B1-266
5098,B1,264/226,B1-264
5100,B1,262/226,B1-262
5105,B1,257/226,B1-257
5106,B1,256/226,B1-256
5107,B1,255/226,B1-255
5114,B1,248/226,B1-248
5117,B1,245/226,B1-245
5118,B1,244/226,B1-244
5119,B1,243/226,B1-243
5121,B1,241/226,B1-241
5124,B1,238/226,B1-238
5128,B1,234/226,B1-234
5130,B1,232/226,B1-232
5141,B1,221/226,B1-221
5143,B1,219/226,B1-219
5146,B1,216/226,B1-216
5147,B1,215/226,B1-215
5154,B1,208/226,B1-208
5168,B1,194/226,B1-194
5169,B1,193/226,B1-193
5170,B1,192/226,B1-192
5171,B1,191/226,B1-191
5172,B1,190/226,B1-190
5178,B1,184/226,B1-184
5186,B1,176/226,B1-176
5188,B1,174/226,B1-174
5189,B1,173/226,B1-173
5204,B1,158/226,B1-158
5205,B1,157/226,B1-157
5206,B1,156/226,B1-156
5209,B1,153/226,B1-153
5210,B1,152/226,B1-152
5211,B1,151/226,B1-151
5212,B1,150/226,B1-150
5213,B1,149/226,B1-149
5214,B1,148/226,B1-148
5215,B1,147/226,B1-147
5216,B1,146/226,B1-146
5217,B1,145/226,B1-145
5224,B1,138/226,B1-138
5225,B1,137/226,B1-137
5230,B1,132/226,B1-132
5231,B1,131/226,B1-131
5232,B1,130/226,B1-130
5233,B1,129/226,B1-129
5234,B1,128/226,B1-128
5242,B1,120/226,B1-120
5251,B1,111/226,B1-111
5252,B1,110/226,B1-110
5281,B1,081/226,B1-081
5283,B1,079/226,B1-079
5284,B1,078/226,B1-078
5285,B1,077/226,B1-077
5286,B1,076/226,B1-076
5287,B1,075/226,B1-075
5288,B1,074/226,B1-074
5289,B1,073/226,B1-073
5290,B1,072/226,B1-072
5291,B1,071/226,B1-071
5293,B1,069/226,B1-069
5294,B1,068/226,B1-068
5295,B1,067/226,B1-067
5296,B1,066/226,B1-066
5305,B1,057/226,B1-057
5306,B1,056/226,B1-056
5310,B1,052/226,B1-052
5311,B1,051/226,B1-051
5312,B1,050/226,B1-050
5315,B1,047/226,B1-047
5322,B1,040/226,B1-040
5323,B1,039/226,B1-039
5348,B1,014/226,B1-014
5349,B1,013/226,B1-013
5035,B1,327/226,B1-327
5036,B1,326/226,B1-326
5038,B1,324/226,B1-324
5042,B1,320/226,B1-320
5046,B1,316/226,B1-316
5049,B1,313/226,B1-313
5050,B1,312/226,B1-312
5058,B1,304/226,B1-304
5061,B1,301/226,B1-301
5062,B1,300/226,B1-300
5064,B1,298/226,B1-298
5073,B1,289/226,B1-289
5074,B1,288/226,B1-288
5075,B1,287/226,B1-287
5076,B1,286/226,B1-286
5079,B1,283/226,B1-283
5084,B1,278/226,B1-278
5085,B1,277/226,B1-277
5089,B1,273/226,B1-273
5091,B1,271/226,B1-271
5093,B1,269/226,B1-269
5097,B1,265/226,B1-265
5102,B1,260/226,B1-260
5103,B1,259/226,B1-259
5104,B1,258/226,B1-258
5110,B1,252/226,B1-252
5113,B1,249/226,B1-249
5115,B1,247/226,B1-247
5123,B1,239/226,B1-239
5126,B1,236/226,B1-236
5129,B1,233/226,B1-233
5131,B1,231/226,B1-231
5133,B1,229/226,B1-229
5136,B1,226/226,B1-226
5138,B1,224/226,B1-224
5142,B1,220/226,B1-220
5144,B1,218/226,B1-218
5150,B1,212/226,B1-212
5151,B1,211/226,B1-211
5155,B1,207/226,B1-207
5159,B1,203/226,B1-203
5160,B1,202/226,B1-202
5161,B1,201/226,B1-201
5165,B1,197/226,B1-197
5166,B1,196/226,B1-196
5167,B1,195/226,B1-195
5176,B1,186/226,B1-186
5177,B1,185/226,B1-185
5179,B1,183/226,B1-183
5183,B1,179/226,B1-179
5184,B1,178/226,B1-178
5185,B1,177/226,B1-177
5197,B1,165/226,B1-165
5198,B1,164/226,B1-164
5199,B1,163/226,B1-163
5208,B1,154/226,B1-154
5241,B1,121/226,B1-121
5243,B1,119/226,B1-119
5244,B1,118/226,B1-118
5245,B1,117/226,B1-117
5248,B1,114/226,B1-114
5249,B1,113/226,B1-113
5250,B1,112/226,B1-112
5254,B1,108/226,B1-108
5255,B1,107/226,B1-107
5256,B1,106/226,B1-106
5260,B1,102/226,B1-102
5261,B1,101/226,B1-101
5266,B1,096/226,B1-096
5267,B1,095/226,B1-095
5268,B1,094/226,B1-094
5277,B1,085/226,B1-085
5278,B1,084/226,B1-084
5279,B1,083/226,B1-083
5280,B1,082/226,B1-082
5282,B1,080/226,B1-080
5300,B1,062/226,B1-062
5301,B1,061/226,B1-061
5302,B1,060/226,B1-060
5307,B1,055/226,B1-055
5308,B1,054/226,B1-054
5309,B1,053/226,B1-053
5319,B1,043/226,B1-043
5320,B1,042/226,B1-042
5321,B1,041/226,B1-041
5335,B1,027/226,B1-027
5336,B1,026/226,B1-026
5337,B1,025/226,B1-025
5340,B1,022/226,B1-022
5341,B1,021/226,B1-021
5342,B1,020/226,B1-020
5344,B1,018/226,B1-018
5345,B1,017/226,B1-017
5346,B1,016/226,B1-016
5347,B1,015/226,B1-015
5037,B1,325/226,B1-325
5040,B1,322/226,B1-322
5043,B1,319/226,B1-319
5045,B1,317/226,B1-317
5047,B1,315/226,B1-315
5048,B1,314/226,B1-314
5051,B1,311/226,B1-311
5053,B1,309/226,B1-309
5054,B1,308/226,B1-308
5055,B1,307/226,B1-307
5063,B1,299/226,B1-299
5070,B1,292/226,B1-292
5071,B1,291/226,B1-291
5072,B1,290/226,B1-290
5078,B1,284/226,B1-284
5081,B1,281/226,B1-281
5088,B1,274/226,B1-274
5090,B1,272/226,B1-272
5094,B1,268/226,B1-268
5095,B1,267/226,B1-267
5099,B1,263/226,B1-263
5101,B1,261/226,B1-261
5108,B1,254/226,B1-254
5109,B1,253/226,B1-253
5111,B1,251/226,B1-251
5112,B1,250/226,B1-250
5116,B1,246/226,B1-246
5120,B1,242/226,B1-242
5122,B1,240/226,B1-240
5125,B1,237/226,B1-237
5127,B1,235/226,B1-235
5132,B1,230/226,B1-230
5139,B1,223/226,B1-223
5140,B1,222/226,B1-222
5145,B1,217/226,B1-217
5148,B1,214/226,B1-214
5149,B1,213/226,B1-213
5152,B1,210/226,B1-210
5153,B1,209/226,B1-209
5156,B1,206/226,B1-206
5157,B1,205/226,B1-205
5158,B1,204/226,B1-204
5187,B1,175/226,B1-175
5190,B1,172/226,B1-172
5191,B1,171/226,B1-171
5192,B1,170/226,B1-170
5193,B1,169/226,B1-169
5202,B1,160/226,B1-160
5203,B1,159/226,B1-159
5220,B1,142/226,B1-142
5221,B1,141/226,B1-141
5222,B1,140/226,B1-140
5223,B1,139/226,B1-139
5226,B1,136/226,B1-136
5227,B1,135/226,B1-135
5228,B1,134/226,B1-134
5229,B1,133/226,B1-133
5235,B1,127/226,B1-127
5236,B1,126/226,B1-126
5238,B1,124/226,B1-124
5257,B1,105/226,B1-105
5258,B1,104/226,B1-104
5259,B1,103/226,B1-103
5271,B1,091/226,B1-091
5272,B1,090/226,B1-090
5274,B1,088/226,B1-088
5275,B1,087/226,B1-087
5276,B1,086/226,B1-086
5292,B1,070/226,B1-070
5313,B1,049/226,B1-049
5314,B1,048/226,B1-048
5316,B1,046/226,B1-046
5317,B1,045/226,B1-045
5324,B1,038/226,B1-038
5325,B1,037/226,B1-037
5326,B1,036/226,B1-036
5327,B1,035/226,B1-035
5328,B1,034/226,B1-034
5329,B1,033/226,B1-033
5330,B1,032/226,B1-032
5331,B1,031/226,B1-031
5332,B1,030/226,B1-030
5333,B1,029/226,B1-029
5334,B1,028/226,B1-028
5352,B1,010/226,B1-010
5353,B1,009/226,B1-009
5354,B1,008/226,B1-008
5355,B1,007/226,B1-007
5356,B1,006/226,B1-006
5357,B1,005/226,B1-005
5358,B1,004/226,B1-004
5359,B1,003/226,B1-003
5360,B1,002/226,B1-002
5361,B1,001/226,B1-001
5135,B1,227/226,B1-227